,NUMBER,NAME,RATING,STARTER,FUNCTION,AREA
0,11-MA-001,TRAMP METAL MAGNET,18.5,DOL,OTHER,CRUSHER/MILLING
1,11-FE-002,GRIZZLEY FEEDER,15.0,VSD,FEEDER,CRUSHER/MILLING
2,11-CV-001,CV-001 CONVEYOR,75.0,DOL,OTHER,CRUSHER/MILLING
3,11-FE-003,AUTOMATIC LUBE OD MOTOR,0.27,DOL,FEEDER,CRUSHER/MILLING
4,11-CR-001,JAW CRUSHER,160.0,VSD,OTHER,CRUSHER/MILLING
5,11-PP-513,STOCKPILE DUST SUPPRESSION BOOSTER,7.5,DOL,PUMP,CRUSHER/MILLING
6,23-PP-028,SUMP PUMP,15.0,DOL,PUMP,BIOX
7,23-TH-005,CCD5 THICKNER,7.5,DOL,THICKENER,BIOX
8,23-PP-215,COOLING WATER SUPPLY PUMP,45.0,DOL,PUMP,BIOX
9,23-PP-216,COOLING WATER SUPPLY PUMP,45.0,DOL,PUMP,BIOX
10,16-PP-278,RENGENTS,15.0,DOL,PUMP,REAGENTS
11,16-PP-279,RENGENTS,15.0,DOL,PUMP,REAGENTS
12,26-AG-015,REACTOR TANK 15 AGITATOR,132.0,DOL,AGITATOR,BACKFILL
13,16-AG-133,RENGENTS,15.0,DOL,AGITATOR,REAGENTS
14,23-PP-170,TRAIN 2 FEED PUMP,22.0,VSD,PUMP,BIOX
15,23-PP-247,SPILLAGE POND PUMP,5.5,DOL,PUMP,BIOX
16,23-AG-001,REACTOR TANK 11 AGITATOR,225.0,DOL,AGITATOR,BIOX
17,23-EQ-001,EQUIPPED SPARE,5.5,DOL,EQUIPED SPARE,BIOX
18,23-AG-023,REACTOR TANK 23 AGITATOR,225.0,DOL,AGITATOR,BIOX
19,23-AG-021,REACTOR TANK 21 AGITATOR,225.0,DOL,AGITATOR,BIOX
20,23-PP-041,COOLING WATER SUPPLY PUMP,315.0,DOL,PUMP,BIOX
21,23-AG-022,REACTOR TANK 22 AGITATOR,225.0,DOL,AGITATOR,BIOX
22,23-TH-044,CCD4 THICKNER,7.5,DOL,THICKENER,BIOX
23,23-C2-002A,BLOWERS COOLING TOWER,22.0,DOL,COOLING TOWER,BIOX
24,23-C2-002B,BLOWERS COOLING TOWER (2CO),22.0,DOL,COOLING TOWER,BIOX
25,23-AG-025,REACTOR TANK 25 AGITATOR,132.0,DOL,AGITATOR,BIOX
26,23-AG-010,SURGE TANK 10 AGITATOR,45.0,DOL,AGITATOR,BIOX
27,23-AG-026,REACTOR TANK26 AGITATOR,132.0,DOL,AGITATOR,BIOX
28,23-EQ-012,EQUIPPED SPARE,45.0,DOL,EQUIPED SPARE,BIOX
29,23-AG-024,REACTOR TANK 22 AGITATOT,225.0,DOL,AGITATOR,BIOX
30,23-PP-285,EQUIPPED SPARE,22.0,DOL,PUMP,BIOX
31,23-PP-228,TRASH 2 NUTRIENT DOZING PUMP,1.5,VSD,PUMP,BIOX
32,23-PP-227,TRASH 2 NUTRIENT DOZING PUMP,1.5,VSD,PUMP,BIOX
33,23-PP-190,FLOCULANT TRANSFER PUMP,1.5,VSD,PUMP,BIOX
34,23-PP-151,FLOCULANT TRANSFER PUMP,1.5,VSD,PUMP,BIOX
35,23-PP-147,FLOCULANT TRANSFER PUMP,1.5,VSD,PUMP,BIOX
36,23-PP-191,FLOCULANT TRANSFER PUMP,1.5,VSD,PUMP,BIOX
37,23-PP-122,FLOCULANT AREA SUMP PUMP,2.2,DOL,PUMP,BIOX
38,23-PP-161,REACT ARE SUMP PUMP,15.0,DOL,PUMP,BIOX
39,23-EQ-014,PLANT RUN OFF PUMP,7.5,DOL,EQUIPED SPARE,BIOX
40,23-PP-057,CCP AREA SUMP PUMP,1.5,DOL,PUMP,BIOX
41,23-TH-006,CCP THICKNER,7.5,DOL,THICKENER,BIOX
42,23-PP-233,RECIRCULATION PUMP,22.0,DOL,PUMP,BIOX
43,23-PP-168,TRAIN 1 FEED PUMP,22.0,VSD,PUMP,BIOX
44,23-PP-042,COOLING WATER SUPPLY PUMP,315.0,DOL,PUMP,BIOX
45,23-C2-001C,COOLONG WATER TOWER,110.0,DOL,COOLING TOWER,BIOX
46,23-PP-232,RECIRCULATION PUMP,22.0,DOL,PUMP,BIOX
47,23-PP-231,RECIRCULATION PUMP,22.0,DOL,PUMP,BIOX
48,23-SC-037,TRASH SCREEN,1.8,DOL,SCREEN,BIOX
49,23-EQ-001,EQUIPPED SPARE,18.5,DOL,EQUIPED SPARE,BIOX
50,23-AG-013,REACTOR TANK 13,225.0,DOL,AGITATOR,BIOX
51,23-PP-150,FLOCULENT TRANSFER PUMP,1.5,VSD,PUMP,BIOX
52,23-AG-041,REACTOR TANK 14,225.0,DOL,AGITATOR,BIOX
53,23-PP-148,FLOCULENT TRANSFER PUMP,1.5,VSD,PUMP,BIOX
54,23-C2-001A,REACTOR COOLING TOWER,110.0,DOL,COOLING TOWER,BIOX
55,23-C2-001B,REACTOR COOLING TOWER,110.0,DOL,COOLING TOWER,BIOX
56,23-AG-O12,REACTOR TANK 12 AGITATOR,225.0,DOL,AGITATOR,BIOX
57,23-EQ-007,EQUIPPED SPARE,15.0,DOL,EQUIPED SPARE,BIOX
58,23-TH-003,CCD 3 THICKNER,7.5,DOL,THICKENER,BIOX
59,32-SA-003,TANK 10 FEED SAMPLER,0.6,DOL,OTHER,BACKFILL
60,23-PP-200,GLAND SERVICE PUMP,1.5,DOL,PUMP,BIOX
61,23-EQ-013,EQUIPPED SPARE,55.0,DOL,EQUIPED SPARE,BIOX
62,23-AG-016,REACTOR TANK 16 AGITATOR,132.0,DOL,AGITATOR,BIOX
63,23-FL-001,STREAM FELTER,30.0,DOL,OTHER,BIOX
64,23-AG-141,REACTOR TANK 141 AGITATOR,225.0,DOL,AGITATOR,BIOX
65,23-AG-142,REACTOR TANK 142 AGITATOR,225.0,DOL,AGITATOR,BIOX
66,23-AG-144,REACTOR TANK 144 AGITATOR,225.0,DOL,AGITATOR,BIOX
67,23-PP-276,TRAIN 4 FEED PUMP,30.0,VSD,PUMP,BIOX
68,23-PP-026,PRODUCT TRANSFER PUMP 1,55.0,VSD,PUMP,BIOX
69,23-PP-060,CCP # 3 OVERFLOW PUMP,75.0,VSD,PUMP,BIOX
70,23-PP-061,CCP # 3 OVERFLOW PUMP,75.0,VSD,PUMP,BIOX
71,23-PP-029,PRODUCT TRANSFER PUMP 2,55.0,VSD,PUMP,BIOX
72,23-PP-227,TRAIN 4 FEED PUMP,30.0,VSD,PUMP,BIOX
73,23-PP-268,CCD # 4 UNDERFLOW PUMP,15.0,VSD,PUMP,BIOX
74,23-PP-269,CCP # 3 UNDERFLOW PUMP,15.0,VSD,PUMP,BIOX
75,23-PP-057,CCP # 5 UNDERFLOW PUMP,37.0,VSD,PUMP,BIOX
76,23-PP-054,CCP # 3 UNDERFLOW PUMP,15.0,VSD,PUMP,BIOX
77,23-PP-054,CCP # 4 UNDERFLOW PUMP,15.0,VSD,PUMP,BIOX
78,23-PP-050,CCP # 6 UNDERFLOW PUMP,37.0,VSD,PUMP,BIOX
79,23-PP-027,CCD # 5 UNDERFLOW PUMP,37.0,VSD,PUMP,BIOX
80,23-PP-266,CCD # 6 UNDERFLOW PUMP,37.0,VSD,PUMP,BIOX
81,23-PP-056,CCD # 5 OVERFLOW PUMP ,30.0,VSD,PUMP,BIOX
82,23-PP-055,CCD # 6 OVERFLOW PUMP,37.0,VSD,PUMP,BIOX
83,23-PP-057,CCD # 4 OVERFLOW PUMP,30.0,VSD,PUMP,BIOX
84,23-PP-150,CCD FLOCCULANT DOZING PMP,3.0,VSD,PUMP,BIOX
85,23-PP-148,FLOCULANT TRANSFER PUMP,1.5,VSD,PUMP,BIOX
86,23-PP-149,FLOCULANT TRANSFER PUMP,1.5,VSD,PUMP,BIOX
87,23-PP-167,TRAIN 1 FEED PUMP,22.0,VSD,PUMP,BIOX
88,23-PP-169,TRAIN 2 FEED PUMP 1,22.0,VSD,PUMP,BIOX
89,23-PP-170,TARIN 2 FEED PUMP 2,22.0,VSD,PUMP,BIOX
90,23-PP-171,TRAIN 3 FEED PUMP 1,22.0,VSD,PUMP,BIOX
91,23-PP-172,TRAIN 3 FEED PUMP 2,22.0,VSD,PUMP,BIOX
92,23-PP-228,TRAIN 2 NUTRIENT DOZING PUMP,1.5,VSD,PUMP,BIOX
93,23-PP-229,TRAIN 3 NUTRIENT DOZING PUMP,1.5,VSD,PUMP,BIOX
94,23-PP-151,CCD FLOCULANT DOZING PUMP,3.0,VSD,PUMP,BIOX
95,23-PP-149,CCD FLOCULANT DOZING PUMP 5,3.0,VSD,PUMP,BIOX
96,23-PP-286,FLOCULANT TRANSFER PUMP,1.5,VSD,PUMP,BIOX
97,23-PP-191,CCD FLOCULANT DOZING PUMP 3,3.0,VSD,PUMP,BIOX
98,23-PP-039,SUMP PUMP,15.0,DOL,PUMP,BIOX
99,23-PP-056,CCD # 5 OVERFLOW PUMP ,30.0,VSD,PUMP,BIOX
100,23-PP-171,TRAIN 3 FEED PUMP,22.0,VSD,PUMP,BIOX
101,23-PP-172,TRAIN 3 FEED PUMP,22.0,VSD,PUMP,BIOX
102,23-PP-051,CCD # 5 UNDERFLOW PUMP,37.0,VSD,PUMP,BIOX
103,23-PP-267,CCD # 5 UNDERFLOW PUMP,37.0,VSD,PUMP,BIOX
104,23-AG-031,REACTOR TANK 31 AGITATOR,225.0,DOL,AGITATOR,BIOX
105,23-AG-032,REACTOR TANK 32 AGITATOR,225.0,DOL,AGITATOR,BIOX
106,23-AG-033,REACTOR TANK 33 AGITATOR,225.0,DOL,AGITATOR,BIOX
107,23-EQ-026,EQUIPPED SPARE,75.0,DOL,EQUIPED SPARE,BIOX
109,23-PP-262,COOLING WATER SUPPLY PUMP,315.0,DOL,PUMP,BIOX
110,23-PP-206,COOLING WATER SUPPLY PUMP,315.0,DOL,PUMP,BIOX
111,23-PP-035,REACTOR TANK 55 AGITATOR,225.0,DOL,PUMP,BIOX
112,23-AG-034,REACTOR TANK AGITATOR,225.0,DOL,AGITATOR,BIOX
113,23-AG-036,REACTOR TANK AGITATOR,132.0,DOL,AGITATOR,BIOX
114,23-EQ-024,EQUIPPED SPARE,45.0,DOL,EQUIPED SPARE,BIOX
118,23-SA-003,TANK 131 FEED SAMPLER,0.6,DOL,OTHER,BIOX
119,23-AG-143,REACTOR TANK 143 AGITATOR,225.0,DOL,AGITATOR,BIOX
120,23-PP-055,CCD # 6 OVERFLOW PUMP,37.0,VSD,PUMP,BIOX
121,23-PP-266,CCD UNDERFLOW PUMP,37.0,VSD,PUMP,BIOX
122,23-PP-275,TRAIN 4 AREA SUMP PUMP,15.0,DOL,PUMP,BIOX
123,23-PP-280,TRAIN 4 AREA SUMP PUMP 1,15.0,DOL,PUMP,BIOX
124,23-PP-286,TRAIN 4 NUTRIENTS DOZING PUMP,1.5,VSD,PUMP,BIOX
125,23-PP-309,CONS. SURGE TANK TRANS. PUMP 1,30.0,DOL,PUMP,BIOX
126,23-AG-145,REACTOR TANG 145 AGITATOR,132.0,DOL,AGITATOR,BIOX
127,23-SC-053,TRASH SCREEN,1.8,DOL,SCREEN,BIOX
128,23-PP-281,REACTOR AREA SUMP PUMP TR 2,15.0,DOL,PUMP,BIOX
129,23-PP-162,REACTOR AREA SUMP PUMP TR 2,15.0,DOL,PUMP,BIOX
130,23-AG-146,REACTOR TANK 146 AGITATOR,132.0,DOL,AGITATOR,BIOX
131,23-AG-131,SURGE TANK 131 AGITATOR,45.0,DOL,AGITATOR,BIOX
132,23-AG-147,REACTOR TANK 147 AGITATOR,132.0,DOL,AGITATOR,BIOX
133,23-PP-229,TRAIN 3 NUTRIENT DOZING PUMP,15.0,VSD,PUMP,BIOX
134,23-EQ-022,SULPHIDE ACID PUMP,22.0,DOL,EQUIPED SPARE,BIOX
138,23-PP-061,CCD OVERFLOW PUMP,75.0,VSD,PUMP,BIOX
139,23-PP-040,TRAIN 3 REACTOR AREA SUMP PUMP,15.0,DOL,PUMP,BIOX
140,23-PP-163,TRAIN REACTOR AREA SUMP PUMP,15.0,DOL,PUMP,BIOX
141,23-PP-053,CCD # 4 UNDERFLOW PUMP,15.0,VSD,PUMP,BIOX
142,23-PP-268,CCD # 4 UNDERFLOW PUMP,15.0,VSD,PUMP,BIOX
143,16-EQ-003,EQUIPPED SPARE,11.0,DOL,EQUIPED SPARE,REAGENTS
144,23-PP-197,NEAT AREA EXT SUMP PUMP,22.0,DOL,PUMP,BIOX
145,16-EQ-001,FILTER METER,5.5,DOL,EQUIPED SPARE,REAGENTS
146,16-EQ-002,SILO VIBRATOR (SHED),5.5,DOL,EQUIPED SPARE,REAGENTS
148,16-PP-198,LIME SLURRY TO NEW OIL PUMP,22.0,DOL,PUMP,REAGENTS
149,16-PP-133,LIMESTONE MILL DISGHARGE  PUMP,22.0,VSD,PUMP,REAGENTS
151,16-EE-06,LIME FEEDEER,4.0,VSD,OTHER,REAGENTS
152,16-FE-02,LIME SCREEW FEEDER,3.0,VSD,FEEDER,REAGENTS
153,16-PP-132,LIME TRANSFER PUMP 2 TO SURGE,30.0,VSD,PUMP,REAGENTS
154,16-PP-134,LIMESTONE MILL DISCHARGE PUMP ,22.0,VSD,PUMP,REAGENTS
155,27-PP-819,ACTIFLOW DISCHARGE PUMP,90.0,DOL,PUMP,WTP
156,27-PP-809,TRAIN 2 CARBON TRANSFER PUMP,30.0,DOL,PUMP,WTP
157,27-PP-803,TRAIN 1 CARBON TRANSFER PUMP,30.0,DOL,PUMP,WTP
158,23-PP-353,PLANT RUNOFF PUMP,75.0,DOL,PUMP,BIOX
159,27-PP-842,RBC FEED PUMP 2,37.0,DOL,PUMP,WTP
160,27-PP-845,RBC FEED PUMP 1,37.0,DOL,PUMP,WTP
161,23-PP-358,PLANT RUNOFF PUMP,37.0,DOL,PUMP,BIOX
162,27-PP-847,RBC DISPATCH HOPPER TRANSFER,45.0,DOL,PUMP,WTP
163,27-PP-818,ACTIFLOW FEED PUMP 2,55.0,DOL,PUMP,WTP
164,17-PP-140,PROC WATER DAM 1B TRANSFER PUMP 2,132.0,DOL,PUMP,TSF
165,27-CP-804,RBC BLOWER DUTY,110.0,DOL,BLOWERS,WTP
166,27-CP-805,RBC BLOWER STANDBY,110.0,DOL,BLOWERS,WTP
167,27-CP-801,RBC BLOWER,75.0,DOL,BLOWERS,WTP
168,27-PP-810,RBC FEED PUMP 1,90.0,DOL,PUMP,WTP
169,27-PP-811,RBC FEED PUMP 2,90.0,DOL,PUMP,WTP
170,27-PP-817,ACTIFLOW FEED PUMP 1,55.0,DOL,PUMP,WTP
171,27-PP-820,ACTIFLOW DISCHARGE PUMP B,90.0,DOL,PUMP,WTP
172,27-PP-352,POND # 2,37.0,DOL,PUMP,WTP
173,27-RBC-822,RBC CONTRACTOR 4,5.0,DOL,RBC,WTP
174,27-RBC-851,RBC CONTRACTOR 9,5.0,DOL,RBC,WTP
175,27-RBC-842,RBC CONTRACTOR 8,5.0,DOL,RBC,WTP
176,27-RBC-841,RBC CONTRACTOR 7,5.0,DOL,RBC,WTP
177,27-RBC-832,RBC CONTRACTOR 6,5.0,DOL,RBC,WTP
178,27-RBC-831,RBC CONTRACTOR5,5.0,DOL,RBC,WTP
179,27-RBC-872,RBC CONTRACTOR 14,5.0,DOL,RBC,WTP
180,27-RBC-871,RBC CONTRACTOR 13,5.0,DOL,RBC,WTP
181,27-RBC-862,RBC CONTRACTOR 12,5.0,DOL,RBC,WTP
182,27-RBC-861,RBC CONTRACTOR 11,5.0,DOL,RBC,WTP
183,27-RBC-252,RBC CONTRACTOR 10,5.0,DOL,RBC,WTP
184,27-RBC-881,RBC CONTRACTOR 15,5.0,DOL,RBC,WTP
185,27-RBC-882,RBC CONTRACTOR 16,5.0,DOL,RBC,WTP
186,27-PP-816,RBC AREA SUMP PUMP,22.0,DOL,PUMP,WTP
187,27-PP-814,RBC NUTRIENTS FEED 1,7.5,DOL,PUMP,WTP
188,27-PP-813,RBC RECIRCULATION PUMP 2,7.5,DOL,PUMP,WTP
189,27-PP-812,RBC RECIRCULATION PUMP 1,7.5,DOL,PUMP,WTP
190,27-PP-850,RBC NUTRIENTS TK2 FEED PUMP 2,5.5,DOL,PUMP,WTP
191,27-PP-849,RBC NUTRIENTS TK2 FEED PUMP 1,5.5,DOL,PUMP,WTP
192,27-PP-815,RBC NUTREIENTS FEED PUMP 2,7.5,DOL,PUMP,WTP
193,27-PP-853,EFFLUENT TANK TRANSFER PUMP,7.5,DOL,PUMP,WTP
194,17-PP-139,PROC WATER DAM 1B TRF. PUMP 1,132.0,DOL,PUMP,TSF
195,27-PP-831,KITP. AREA SUMP PUMP,22.0,DOL,PUMP,WTP
196,27-PP-802,CIS AREA SUMP PUMP,15.0,DOL,PUMP,WTP
197,17-RBC-811,RBC CONTRACTOR 1,5.0,DOL,RBC,TSF
198,27-RBC-813,RBC CONTRACTOR 2,5.0,DOL,RBC,WTP
199,27-RBC-821,RBC CONTRACTOR 3,5.0,DOL,RBC,WTP
200,27-EQ-003,EQUIPPED SPARE,7.5,DOL,EQUIPED SPARE,WTP
201,11-PP-515,CRUSHER SHED SUMP PUMP,22.0,DOL,PUMP,CRUSHER/MILLING
202,16-CP-25,LIME DELIVERY BLOWER,75.0,DOL,BLOWERS,REAGENTS
203,16-ML-05B,LIME STONE MILL,55.0,DOL,MILL,REAGENTS
204,16-ML-05C,LIME STONE MILL,55.0,DOL,MILL,REAGENTS
205,16-AT-001,LIME SILO ACTIVATOR,1.1,DOL,OTHER,REAGENTS
206,16-PP-139,LIMESTONE TRANSFER PUMP,11.0,DOL,PUMP,REAGENTS
207,16-ML-05A,LIME STONE MILL,55.0,DOL,MILL,REAGENTS
208,16-ML-05D,LIME STONE MILL,55.0,DOL,MILL,REAGENTS
209,23-PP-054,NEUT. AREA SUMP PUMP,22.0,DOL,PUMP,BIOX
210,16-PP-033,LIME STONE AREA SUMP PUMP,15.0,DOL,PUMP,REAGENTS
211,16-ML-04B,LIME SLAKING MILL 04B,37.0,DOL,MILL,REAGENTS
212,16-ML-04D,LIME SLAKING MILL 04D,37.0,DOL,MILL,REAGENTS
213,16-PP-137,LIME SLURRY TRANSFER PUMP,15.0,DOL,PUMP,REAGENTS
214,16-PP-138,LIME SLURRY TRANSFER PUMP,5.5,DOL,PUMP,REAGENTS
215,16-ML-04A,LIME SLAKING MILL,37.0,DOL,MILL,REAGENTS
216,16-ML-04C,LIME SLAKING MILL,37.0,DOL,MILL,REAGENTS
217,16-PP-224,LIME SLURRY TRF PUMP,22.0,DOL,PUMP,REAGENTS
218,16-PP-225,LIME SLURRY TRF PUMP,22.0,DOL,PUMP,REAGENTS
219,16-PP-135,LIME SLURRY TRANSFER PUMP,15.0,DOL,PUMP,REAGENTS
220,16-PP-130,LIME STONE AREA SUMP PUMP,11.0,DOL,PUMP,REAGENTS
221,16-AG-061,LIME STONE ST. TANK AGITATOR,15.0,DOL,AGITATOR,REAGENTS
222,16-EQ-006,SCRUBBER,22.0,DOL,EQUIPED SPARE,REAGENTS
223,16-AG-062,LIME STONE ST. TANK AGITATOR,30.0,DOL,AGITATOR,REAGENTS
224,23-PP-295,NEUT. RECIRCULATION PUMP,37.0,DOL,PUMP,BIOX
225,16-EQ-07,EQUIPPED SPARE,30.0,DOL,EQUIPED SPARE,REAGENTS
226,23-PP-065,NEUT. RECIRCULATION PUMP,37.0,DOL,PUMP,BIOX
227,16-PP-197,LIME SLURRY TRANSFER PUMP TO CIL,22.0,DOL,PUMP,REAGENTS
228,23-PP-295,TK42 CIRCULATION PUMP,11.0,DOL,PUMP,BIOX
229,16-PP-221,EQUIPPED SPARE,22.0,DOL,PUMP,REAGENTS
230,27-EQ-001,EQUIPPED SPARE,5.5,DOL,EQUIPED SPARE,WTP
231,27-EQ-004,EQUIPPED SPARE,7.5,DOL,EQUIPED SPARE,WTP
232,11-EQ-001,EQUIPPED SPARE,5.5,DOL,EQUIPED SPARE,CRUSHER/MILLING
233,27-EQ-006,EQUIPPED SPARE,22.0,DOL,EQUIPED SPARE,WTP
234,27-EQ-005,EQUIPPED SPARE,11.0,DOL,EQUIPED SPARE,WTP
235,27-EQ-002,EQUIPPED UBMERSIBLE PUMP,5.5,DOL,EQUIPED SPARE,WTP
236,27-EQ-010,EQUIPPED SPARE,45.0,DOL,EQUIPED SPARE,WTP
237,27-EQ-008,EQUIPPED SPARE,30.0,DOL,EQUIPED SPARE,WTP
238,23-PP-352,EFFLUENT SUMP PUMP,75.0,DOL,PUMP,BIOX
239,08-PP-05,FRONTER DOZING PUMP 1,0.024,DOL,PUMP,BACKFILL
240,08-PP-06,FRONTER DOZING PUMP 2,0.024,DOL,PUMP,BACKFILL
241,08-PP-07,FRONTER DOZING PUMP 3,0.024,DOL,PUMP,BACKFILL
242,08-PP-08,FRONTER DOZING PUMP 4,0.024,DOL,PUMP,BACKFILL
243,08-PP-09,PROMOTER DOZING PUMP 1,0.55,DOL,PUMP,BACKFILL
244,08-PP-10,PROMOTER DOZING PUMP 2,0.55,DOL,PUMP,BACKFILL
245,18-AG-01,FLOATATION FEED SURGE TANK AGITATOR,30.0,DOL,AGITATOR,FLOATATION
246,18-AG-02,FLOATATION CONDITIONER TANK AGITATOR,30.0,DOL,AGITATOR,FLOATATION
247,18-PP-16,FLOATATION FEED SURGE AREA SUMP PUMP,7.5,DOL,PUMP,FLOATATION
249,18-PP-11,PROMOTER DOZING PUMP 3,0.55,DOL,PUMP,FLOATATION
250,18-PP-12,PROMOTER DOZING PUMP 4,0.055,DOL,PUMP,FLOATATION
251,18-AG-03,ROUGLER FLOATATION 1 AGITATOR,225.0,SS,AGITATOR,FLOATATION
252,18-AG-04,ROUGLER FLOATATION 2 AGITATOR,225.0,SS,AGITATOR,FLOATATION
253,18-AG-05,ROUGLER FLOATATION 3 AGITATOR,225.0,SS,AGITATOR,FLOATATION
254,18-AG-06,SCAVANGER FLOATATION CELL 1 AGITATOR,225.0,SS,AGITATOR,FLOATATION
255,18-AG-07,SCAVANGER FLOATATION CELL 2 AGITATOR,225.0,SS,AGITATOR,FLOATATION
256,18-AG-08,SCAVANGER FLOATATION CELL 3 AGITATOR,225.0,SS,AGITATOR,FLOATATION
257,18-AG-09,SCAVANGER FLOATATION CELL 4 AGITATOR,225.0,SS,AGITATOR,FLOATATION
258,19-PP-07,CIL INTERSTAGE CARBON PUMP,30.0,VSD,PUMP,CIL
259,19-PP-09,CIL TAILING PUMP 1,30.0,VSD,PUMP,CIL
260,19-PP-10,CIL TAILING PUMP 2,30.0,VSD,PUMP,CIL
261,19-AG-01,PRE-OXIDATION TANK 1 AGITATION ,55.0,DOL,AGITATOR,CIL
262,19-PP-12,CIL ACID WASH PUMP,5.5,DOL,PUMP,CIL
263,19-PP-13,CIL TRANSFER PUMP 1,11.0,VSD,PUMP,CIL
264,19-PP-15,CIL PULP TRANSFER PUMP,7.5,DOL,PUMP,CIL
265,19-AG-02,PRE-OXIDATION TANK 2 AGITATOR,55.0,DOL,AGITATOR,CIL
266,19-AG-03,PRE-OXIDATION TANK 3 AGITATOR,55.0,DOL,AGITATOR,CIL
267,19-PC-05,TEMPORARY TOWER CRANE,7.5,DOL,OTHER,CIL
269,19-PP-17,CIL AREA SUMP PUMP 2,11.0,DOL,PUMP,CIL
270,19-PP-18,CIL PREOXIDATION AREA SUMP PUMP,11.0,DOL,PUMP,CIL
271,19-PP-19,CIL ACID AREA SUMP PUMP,5.5,DOL,PUMP,CIL
272,19-AG-04,CIL TANK 1 AGITATOR,55.0,DOL,AGITATOR,CIL
275,19-AG-05,CIL TANK 2 AGITATOR,55.0,DOL,AGITATOR,CIL
278,19-AG-06,CIL TANK 3 AGITATOR,55.0,DOL,AGITATOR,CIL
279,19-SC-01A & 01B,CIL LOADED CARBON SCREEN,3.74,DOL,SCREEN,CIL
280,19-PP-01,CIL INTERSTAGE CARBON PUMP 1,7.5,DOL,PUMP,CIL
281,19-PP-02,CIL INTERSTAGE CARBON PUMP 2,7.5,DOL,PUMP,CIL
282,19-AG-07,CIL TANK 4 AGITATOR,55.0,DOL,AGITATOR,CIL
283,19-SC-02A & 02B,CIL CARBON SAFETY SCREEN 1,3.74,DOL,SCREEN,CIL
284,19-PP-03,CIL INTERSTAGE CARBON PUMP 3,7.4,DOL,PUMP,CIL
285,19-PP-04,CIL INTERSTAGE CARBON PUMP 4,7.5,DOL,PUMP,CIL
286,19-AG-08,CIL TANK 5 AGITATOR,55.0,DOL,AGITATOR,CIL
287,19-SC-03A & 02B,CIL TAILING CARBON SAFETY SCREEN,3.74,DOL,SCREEN,CIL
288,19-PP-05,CIL INTERSTAGE CARBON PUMP 5,7.5,DOL,PUMP,CIL
289,19-PP-06,CIL INTERSTAGE CARBON PUMP 5,7.5,DOL,PUMP,CIL
290,19-AG-09,CIL TANK 6 AGITATOR,55.0,DOL,AGITATOR,CIL
291,19-SC 04,CIL INTERSTAGE SCREEN 1,5.5,DOL,SCREEN,CIL
292,19-SC 05,CIL INTERSTAGE SCREEN 2,5.5,DOL,SCREEN,CIL
293,19-SC 06,CIL INTERSTAGE SCREEN 3,5.5,DOL,SCREEN,CIL
294,19-SC 07,CIL INTERSTAGE SCREEN 4,5.5,DOL,SCREEN,CIL
295,19-SC 08,CIL INTERSTAGE SCREEN 5,5.5,DOL,SCREEN,CIL
296,19-SC 09,CIL INTERSTAGE SCREEN 6,5.5,DOL,SCREEN,CIL
297,19-SC 10,CIL INTERSTAGE SCREEN 7,11.0,DOL,SCREEN,CIL
298,19-SC 11,CIL INTERSTAGE SCREEN 8,11.0,DOL,SCREEN,CIL
299,19-AG-10,CIL TANK 7 AGITATOR,55.0,DOL,AGITATOR,CIL
300,19-AG-11,CIL TANK 8 AGITATOR,55.0,DOL,AGITATOR,CIL
301,19-SC-12,CIL BARREA CARBON SCREEN 1,1.87,DOL,SCREEN,CIL
302,19-SC-13,CIL BARREA CARBON SCREEN 2,1.87,DOL,SCREEN,CIL
303,16-AG-55,DEPRESSANT MIXING & STORAGE TANK AGITATOR ,2.2,DOL,AGITATOR,REAGENTS
304,16-AG-56,COLLECTOR MIXING AND STORAGE TANK AGITATOR,2.2,DOL,AGITATOR,REAGENTS
305,16-AG-57,PROMOTER MIXING AND STORAGE AGITATOR,2.2,DOL,AGITATOR,REAGENTS
306,16-AG-60,COPPER SULPHATE MIXING AND STORAGE TANK AGITATOR,2.2,DOL,AGITATOR,REAGENTS
307,16-AG-65,DEPRESSANT MIXING & STORAGE TANK AGITATOR ,2.2,DOL,AGITATOR,REAGENTS
308,16-AG-87,PROMOTER MIXING AND STORAGE AGITATOR,2.2,DOL,AGITATOR,REAGENTS
309,16-AG-88,COPPER SULPHATE MIXING AND STORAGE TANK AGITATOR,2.2,DOL,AGITATOR,REAGENTS
310,16-AG-104,MASH MIXING TANK AGITATOR No 1,2.2,DOL,AGITATOR,REAGENTS
311,16-AG-40,INOCULIUM BUILD UP TANK AGITATOR,0.7,DOL,AGITATOR,REAGENTS
312,12-FA-10,SAG MILL EXTERNAL AIR FAN,11.0,DOL,FAN,CRUSHER/MILLING
313,12-FA-11,SAG MILL EXTERNAL AIR FAN,11.0,DOL,FAN,CRUSHER/MILLING
314,13-TH-02,CONCENTRATE THICKNER AIR FAN,5.5,DOL,THICKENER,BIOX
315,12-FA-13,MILL SLIP RING AIR FAN ,1.5,DOL,FAN,CRUSHER/MILLING
316,12-FA-14,BALL MILL EXTERNAL AIR FAN,11.0,DOL,FAN,CRUSHER/MILLING
317,12-FA-15,BALL MILL EXTERNAL AIR FAN,11.0,DOL,FAN,CRUSHER/MILLING
318,16-PP-230,NASH AND FRONTHER SUMP PUMP,5.5,DOL,PUMP,REAGENTS
319,12-FA-17,BALL MILL SLIP RING AIR FAN,11.0,DOL,FAN,CRUSHER/MILLING
320,12-PP-252,BALL MILL GEAR BOX LUBE PUMP,7.0,DOL,PUMP,CRUSHER/MILLING
321,23-PP-38,REACTOR AREA SUMP PUMP TRAIN,11.0,DOL,PUMP,BIOX
322,13-PP-314,CLEANER CONCENTRATE RECIRCULATION PUMP,11.0,DOL,PUMP,BIOX
323,13-PP-313,CLEANER CONCENTRATE RECIRCULATION PUMP,11.0,DOL,PUMP,BIOX
324,16-PP-65,DEPRESSANT TRANSFER PUMP,15.0,DOL,PUMP,REAGENTS
325,05-PP-517,ELUATE TANK,22.0,DOL,PUMP,ELUTION/GOLDROOM
326,05-PP-518,ELUATE TANK,5.5,DOL,PUMP,ELUTION/GOLDROOM
327,05-PP-519,ELUATE TANK,5.5,DOL,PUMP,ELUTION/GOLDROOM
328,05-SP-35,SUMP PUMP,4.5,DOL,OTHER,ELUTION/GOLDROOM
329,13-PP-241,SPARGE WATER BOOSTER PUMP,1.1,DOL,PUMP,BIOX
330,05-PP-208,ELUATE TANK,22.0,DOL,PUMP,ELUTION/GOLDROOM
331,05-PP-209,ELUATE TANK,7.5,DOL,PUMP,ELUTION/GOLDROOM
332,05-PP-210,ELUATE TANK,5.5,DOL,PUMP,ELUTION/GOLDROOM
333,05-PP-283,ELUATE TANK,22.0,DOL,PUMP,ELUTION/GOLDROOM
334,05-PP-282,ELUATE TANK,7.5,DOL,PUMP,ELUTION/GOLDROOM
335,05-PP-310,ELUATE TANK,7.5,DOL,PUMP,ELUTION/GOLDROOM
336,05-PP-520,ELUATE TANK,7.5,DOL,PUMP,ELUTION/GOLDROOM
337,05-PP-521,ELUATE TANK,7.5,DOL,PUMP,ELUTION/GOLDROOM
338,16-PP-93,PROMOTER TRANSFER PUMP,0.18,DOL,PUMP,REAGENTS
339,16-19-117,COPPER SULPHATER TRANSFER PUMP,0.25,DOL,OTHER,REAGENTS
340,16-FA-05,NASH VENTILATION FAN,0.75,DOL,FAN,REAGENTS
341,16-AG-105,NASH MIXING TANK AGITATOR,22.0,DOL,AGITATOR,REAGENTS
342,16-PP-84,DEPRESSANT TRANSFER PUMP,1.5,DOL,PUMP,REAGENTS
343,23-CP-03,BIOX AIR BLOWER,1100.0,AT,BLOWERS,BIOX
344,23-CP-04,BIOX AIR BLOWER,1100.0,AT,BLOWERS,BIOX
345,23-CP-05,BIOX AIR BLOWER,1100.0,AT,BLOWERS,BIOX
346,23-CP-06,BIOX AIR BLOWER,1100.0,AT,BLOWERS,BIOX
347,23-CP-07,BIOX AIR BLOWER,1100.0,AT,BLOWERS,BIOX
348,18-PP-03,ROUGHER 1 CONCENTRATE PUMP,37.0,VSD,PUMP,FLOATATION
349,18-PP-04,ROUGHER 2/3 CONCENTRATE PUMP,15.0,VSD,PUMP,FLOATATION
350,18-PP-05,SCAVENGER CONCENTRATE PUMP,55.0,VSD,PUMP,FLOATATION
351,18-PP-01,FLOATATION FEED PUMP 1,160.0,VSD,PUMP,FLOATATION
352,18-SC-01A1B,FLOATATION FEED TRASH SCREEN 1,7.4,DOL,SCREEN,FLOATATION
353,18-SC-02A1B,FLOATATION FEED TRASH SCREEN 2,7.4,DOL,SCREEN,FLOATATION
354,18-PP-02,FLOATATION FEED PUMP 2,160.0,VSD,PUMP,FLOATATION
355,18-PP-06,SCAVANGER TAILS PUMP 1,110.0,VSD,PUMP,FLOATATION
356,18-PP-07,SCAVENGER TAILS PUMP 2,110.0,VSD,PUMP,FLOATATION
357,18-PP-08,CLEANER CONCENTRATE PUMP,30.0,VSD,PUMP,FLOATATION
358,18-PP-09,SCAVANGER CLEANER CONCENTRATE PUMP ,30.0,VSD,PUMP,FLOATATION
359,18-PP-10,SCAVENGER CLEANER TAILS PUMP 1,45.0,VSD,PUMP,FLOATATION
360,18-PP-11,SCAVENGER CLEANER TAILS PUMP 2,45.0,VSD,PUMP,FLOATATION
363,18-BL-01,FLOATATION AIR BLOWER 1,75.0,DOL,OTHER,FLOATATION
364,18-PP-12,FLOATATION AREA SUMP PUMPS ,11.0,DOL,PUMP,FLOATATION
365,18-PP-14,FLOATATION TAILS AREA SUMP PUMP,11.0,DOL,PUMP,FLOATATION
366,18-BL-02,FLOTATION AREA AIR BLOWER 2,75.0,DOL,OTHER,FLOATATION
367,18-AG-10,CLEANER CELL 1 AGITATOR,55.0,DOL,AGITATOR,FLOATATION
368,18-AG-11,CLEANER CELL 2 AGITATOR,55.0,DOL,AGITATOR,FLOATATION
369,18-AG-12,SCAVENGER CLEANER CELL 1 AGITATOR,55.0,DOL,AGITATOR,FLOATATION
370,18-AG-14,SCAVENGER CLEANER CELL 3 AGITATOR,55.0,DOL,AGITATOR,FLOATATION
371,18-AG-15,SCAVENGER CLEANER CELL 4 AGITATOR,55.0,DOL,AGITATOR,FLOATATION
372,18-PP-01,COLLECTOR DOZING PUMP 1,1.5,DOL,PUMP,FLOATATION
373,18-PP-02,COLLECTOR DOZING PUMP 2,1.5,DOL,PUMP,FLOATATION
374,18-PP-03,COLLECTOR DOZING PUMP 3,1.5,DOL,PUMP,FLOATATION
375,18-PP-04,COLLECTOR DOZING PUMP 4,1.5,DOL,PUMP,FLOATATION
377,27-PP-801,C15 FEED PUMMP 2,90.0,DOL,PUMP,WTP
378,28-PP-484,TAILINGS STAGE 2 GLAND SEAL WATER PUMP 1,30.0,DOL,PUMP,BACKFILL
379,28-PP-483,TAILINGS STAGE 1 GLAND SEAL WATER PUMP 2,18.5,DOL,PUMP,BACKFILL
380,28-PP-268,PASTE PLANT SUMP PUMP 1,22.0,DOL,PUMP,BACKFILL
381,28-EQ-010,EQUIPPED SPARE,90.0,DOL,EQUIPED SPARE,BACKFILL
382,28-EQ-08,EQUIPPED SPARE,55.0,DOL,EQUIPED SPARE,BACKFILL
383,17-PP-184,POND 2 TRANSFER PUMP 2,132.0,DOL,PUMP,TSF
384,28-EQ-02,EQUIPPED SPARE,5.0,DOL,EQUIPED SPARE,BACKFILL
385,17-PP-183,POND 2 TRANSFER PUMP 1,132.0,DOL,PUMP,TSF
386,27-PP-800,CIS FEED PUMP 1,110.0,DOL,PUMP,WTP
387,27-PP-848,CIS FEED PUMP 3,110.0,DOL,PUMP,WTP
388,28-PP-499,PASTE PLANT TRANSFER PUMP B ST 2,110.0,DOL,PUMP,BACKFILL
389,28-PP-450,PASTE PLANT TRANSFER PUMP B ST 3,110.0,DOL,PUMP,BACKFILL
390,28-PP-448,PASTE PLANT TRANSFER PUMP B ST 1,110.0,DOL,PUMP,BACKFILL
391,28-PP-447,PASTE PLANT TRANSFER PUMP A ST 3,132.0,VSD,PUMP,BACKFILL
392,28-PP-411,BIOX CIL TAIL THICK ULF PUMP 2,160.0,VSD,PUMP,BACKFILL
393,28-PP-415,FLOAT TAILS PUMP 2 STAGE 2,132.0,VSD,PUMP,BACKFILL
394,28-PP-482,TAILS UNGS STAGE 1 GLAND SEAL WATER PUMP,18.5,DOL,PUMP,BACKFILL
395,28-EQ-09,EQUIPPED SPARE,45.0,DOL,EQUIPED SPARE,BACKFILL
396,28-PP-413,FLOAT TAILS PUMP 2 STAGE 1,110.0,DOL,PUMP,BACKFILL
397,28-PP-009,EQUIPPED SPARE,75.0,DOL,PUMP,BACKFILL
398,28-PP-411,BIOX CIL TAILINGS PUMP 1 STAGE 3,22.0,VSD,PUMP,BACKFILL
399,28-PP-412,FLOAT TAILS PUMP 1 STAGE 1,110.0,DOL,PUMP,BACKFILL
401,28-PP-418,BIOX CIL TAILINGS PUMP 1 STAGE 2,22.0,DOL,PUMP,BACKFILL
402,28-PP-428,BIOX TAILS SUMP PUMP 1,22.0,DOL,PUMP,BACKFILL
403,28-PP-414,FLOAT TAILS PUMP 1 STAGE 2,132.0,VSD,PUMP,BACKFILL
404,28-HYD-001,VALUE HYDROLIC PACK 1,132.0,DOL,OTHER,BACKFILL
405,28-HYD-002,VALUE HYDROLIC PACK 2,132.0,DOL,OTHER,BACKFILL
406,28-TP-846,BIOX TAILING SEEPAGE PUMP 1,132.0,DOL,OTHER,BACKFILL
407,28-TH-401,BIOX CIL TAILINGS THICKENER,132.0,DOL,THICKENER,BACKFILL
408,28-PP-422,BIOX CIL TAIL PUMP 1 ST 4,22.0,DOL,PUMP,BACKFILL
410,28-PP-445,PASTE TRANSFER PLANT TRF PUMP ST 1,110.0,DOL,PUMP,BACKFILL
411,28-PP-446,PASTE PLANT TRANSFER PUMP ST 2,110.0,DOL,PUMP,BACKFILL
413,28-PP-421,BIOX CIL TAIL PUMP ST 3,22.0,VSD,PUMP,BACKFILL
414,28-AG-405,PASTE PLANT STORAGE TANK AGITATOR,75.0,DOL,AGITATOR,BACKFILL
415,28-AG-402,PASTE PLANT TO TANK ONE AGITATOR,7.5,DOL,AGITATOR,BACKFILL
416,28-AG-408,AGITATOR,5.5,DOL,AGITATOR,BACKFILL
417,28-PP-438,SUMP PUMP,3.0,DOL,PUMP,BACKFILL
418,28-PP-436,FLOCCULANT DOZING PUMP 1,3.0,VSD,PUMP,BACKFILL
419,28-PP-408,PAST PLANT STORAGE TANK 2 REC PUMP,45.0,DOL,PUMP,BACKFILL
420,28-PP-265,PORT WATER PUMP 3,11.0,DOL,PUMP,BACKFILL
421,28-PP-407,PASTE PLANT TANK 1 REC PUMP,45.0,DOL,PUMP,BACKFILL
422,28-PP-410,BIOX CIL TAIL THICK ULF PUMP 1,160.0,VSD,PUMP,BACKFILL
423,28-PP-38,PORT WATER PUMP 1,11.0,DOL,PUMP,BACKFILL
424,28-PP-39,PORT WATER PUMP 2,11.0,DOL,PUMP,BACKFILL
425,28-PP-402,PASTE PLANT STORAGE TANK 1 AGITATOR,775.0,DOL,PUMP,BACKFILL
426,12-EQ-011,EQUIPPED SPARE,55.0,DOL,EQUIPED SPARE,CRUSHER/MILLING
427,11-CV-002,CV 02 CONVEYOR,30.0,DOL,OTHER,CRUSHER/MILLING
428,14-PP-175,TAILS PUMP GCW BOOSTER PUMP 1,7.5,DOL,PUMP,BACKFILL
429,12-PP-005,MILL FEED END SUMP PUMP,22.0,DOL,PUMP,CRUSHER/MILLING
430,12-PP-003,MILL AREA SUMP PUMP,22.0,DOL,PUMP,CRUSHER/MILLING
431,12-TH-003,EQUIPPED SPARE,7.5,DOL,THICKENER,CRUSHER/MILLING
432,17-PP-180,HEAT EXCH. WATER PUMP,50.0,DOL,PUMP,TSF
433,17-PP-142,RAW WATER PUMP,132.0,DOL,PUMP,TSF
434,13-PP-145,PROCESS WATER TANK PUMP,150.0,DOL,PUMP,BIOX
435,12-EQ-007,EQUIPPED SPARE,55.0,DOL,EQUIPED SPARE,CRUSHER/MILLING
436,17-PP-141,RAW WATER PUMP 1,132.0,DOL,PUMP,TSF
437,13-PP-146,PROCESS WATER TANK PUMP,150.0,DOL,PUMP,BIOX
438,13-PP-16,FLOAT TAILS THICK ULF PUMP,110.0,DOL,PUMP,BIOX
439,13-PP-026,CONC. THICK UPLOW PUMP 1,55.0,VSD,PUMP,BIOX
440,13-PP-15,FLOAT TAILS THICK ULF PUMP,110.0,VSD,PUMP,BIOX
441,13-PP-117,COPPER SULPHATE DOZING PUMP PUMP,1.5,VSD,PUMP,BIOX
442,16-AG-060,CONC. MIXING TANK AGITATOR,2.2,DOL,AGITATOR,REAGENTS
443,13-PP-025,CONC. THICKNER SUMP PUMP,5.5,DOL,PUMP,BIOX
444,17-PP-071,SUMP PUMP COMPRESSOR AREA,11.0,DOL,PUMP,TSF
445,12-PP-004,MILL AREA SUMP PUMP,22.0,DOL,PUMP,CRUSHER/MILLING
446,12-EQ-014,EQUIPPED SPARE,75.0,DOL,EQUIPED SPARE,CRUSHER/MILLING
447,13-PP-217,REGRIND AREA GSW BOOSTER PUMP 1,5.5,DOL,PUMP,BIOX
448,13-PP-218,REGRIND AREA GSW BOOSTER PUMP 2,5.5,DOL,PUMP,BIOX
449,14-PP-176,TAILS PUMPING GSW BOOSTER PUMP 2,7.5,DOL,PUMP,BACKFILL
451,12-EQ-010,EQUIPPED SPARE,22.0,DOL,EQUIPED SPARE,CRUSHER/MILLING
453,13-TH-001,FLOAT TAILS THICKNER,11.0,DOL,THICKENER,BIOX
454,13-PP-192,RAW WATER BOOST PUMP,45.0,DOL,PUMP,BIOX
455,13-PP-102,CIL SO2 DOZING PUMP DUTY,1.5,VSD,PUMP,BIOX
456,16-PP-121,TAILINGS FLOC AREA SUMP PUMP,7.5,DOL,PUMP,REAGENTS
457,17-PP-181,HAET EACH WATER PUMP 2,50.0,DOL,PUMP,TSF
458,16-PP-189,CONC THICK FLOC PUMP STANDBY,3.0,VSD,PUMP,REAGENTS
459,16-PP-123,CONC THICK FLOC PUMP DUTY,3.0,VSD,PUMP,REAGENTS
460,16-PP-188,TAIL THICK FLOC PUMP STANDBY,5.5,VSD,PUMP,REAGENTS
461,16-PP-147,TAIL THICK FLOC PUMP DUTY,5.5,VSD,PUMP,REAGENTS
462,12-PP-87,COMPRESSOR PUMP,5.5,DOL,PUMP,CRUSHER/MILLING
463,12-EQ-027,EQUIPPED SPARE,55.0,DOL,EQUIPED SPARE,CRUSHER/MILLING
464,12-PP-809,BALL MILL 1 CONDUCTING LP PUMP 1,2.2,DOL,PUMP,CRUSHER/MILLING
465,12-PP-810,BALL MILL 1 CONDUCTING LP PUMP 2,2.2,DOL,PUMP,CRUSHER/MILLING
466,12-PP-814,BALL MILL GEARBOX OIL LP PUMP 2,11.0,DOL,PUMP,CRUSHER/MILLING
467,12-HX-819,BALL MILL GEARBOX TANK HEATER ELEMENT 1,3.0,DOL,HEATER,CRUSHER/MILLING
468,12-HX-820,BALL MILL GEARBOX TANK HEATER ELEMENT 2,3.0,DOL,HEATER,CRUSHER/MILLING
469,12-FA-800,BALL MILL 1 WOLING FAN 1,7.5,DOL,FAN,CRUSHER/MILLING
470,12-FA-801,BALL MILL 1 WOLING FAN 2,1.5,DOL,FAN,CRUSHER/MILLING
471,12-FA-802,BALL MILL 1 WOLING FAN 3,9.0,DOL,FAN,CRUSHER/MILLING
472,12-FA-802,BALL MILL 1 WOLING FAN 4,9.0,DOL,FAN,CRUSHER/MILLING
473,12-FA-804,BALL MILL 1 AIRBLAST COOLER MOTOR,4.0,DOL,FAN,CRUSHER/MILLING
474,12-PP-811,BALL MILL 1 FE HEARING LP OIL PUMP,1.1,DOL,PUMP,CRUSHER/MILLING
475,13-PP-090,REGRIND MILL DISCHARGE PUMP 1,55.0,VSD,PUMP,BIOX
476,13-PP-091,REGRIND MILL DISCHARGE PUMP 2,55.0,VSD,PUMP,BIOX
477,13-PP-707,PROCESS WATER DRAIN PUMP,22.0,DOL,PUMP,BIOX
478,12-HX-821,BALL MILL GEARBOX TANK HEATER ELEMENT,3.0,DOL,HEATER,CRUSHER/MILLING
479,12-PP-359,ILR TAILINGS SOLUTION TRANSFER PUMP,4.5,DOL,PUMP,CRUSHER/MILLING
480,12-PP-355,ILR TAILINGS SOLUTION TRANSFER PUMP,4.5,DOL,PUMP,CRUSHER/MILLING
481,06-PP-707,ILR TAILINGS SOLUTION TRANSFER PUMP,4.5,DOL,PUMP,BACKFILL
482,16-PP-100,PROMOTER DRUM PUMP FLAST FLOATATION,1.1,DOL,PUMP,REAGENTS
483,11-PP-513,CV02 TAIL END SUMP PUMP,5.0,DOL,PUMP,CRUSHER/MILLING
484,13-PP-701,REGRING MILL SUMP PUMP,11.0,DOL,PUMP,BIOX
485,16-PP-095,FRONTHER DOZING PUMP 1 FLASH FLOATATION,1.5,VSD,PUMP,REAGENTS
486,16-PP-92,PROMOTER DOZING PUMP 1 FLASH FLOATATION,1.5,VSD,PUMP,REAGENTS
487,16-PP-087,FLASH FLOAT REAGENT AREA SUMP PUMP,7.5,DOL,PUMP,REAGENTS
488,12-PP-356,IRL 1000 SUMP PUMP,11.0,DOL,PUMP,CRUSHER/MILLING
489,12-PP-358,IRL TAILINGS WASH TRANSFER  PUMP,4.5,DOL,PUMP,CRUSHER/MILLING
490,12-PP-502,KNELSON WATER FEED PUMP 1,75.0,DOL,PUMP,CRUSHER/MILLING
491,12-PP-504,KNELSON WATER FEED PUMP 2,75.0,DOL,PUMP,CRUSHER/MILLING
492,12-PP-512,GRAVITY AREA SUMP PUMP ,15.0,DOL,PUMP,CRUSHER/MILLING
493,12-EQ-022,EQUIPPED SPARE,5.5,DOL,EQUIPED SPARE,CRUSHER/MILLING
494,12-EQ-028,EQUIPPED SPARE,75.0,DOL,EQUIPED SPARE,CRUSHER/MILLING
495,12-PP-714,SAG MILL 1 GEARBOX OIL LP PUMP 2,11.0,DOL,PUMP,CRUSHER/MILLING
496,12-HX-717,SAG MILL 1 GEARBOX TANK HEATER ELEMENT 1,30.0,DOL,HEATER,CRUSHER/MILLING
497,12-HX-713,SAG MILL 1 GEARBOX TANK HEATER ELEMENT 2,30.0,DOL,HEATER,CRUSHER/MILLING
498,12-HX-719,SAG MILL 1 GEARBOX TANK HEATER ELEMENT 3,30.0,DOL,HEATER,CRUSHER/MILLING
499,12-FA-704,SAQG MILL 1 AIRBLAST COOLER MOTOR,4.0,DOL,FAN,CRUSHER/MILLING
500,12-PP-711,SAG MILL 1 FE BEARING LP OIL PUMP 1,1.1,DOL,PUMP,CRUSHER/MILLING
501,12-PP-712,SAG MILL 1 FE BEARING LP OIL PUMP 2,1.1,DOL,PUMP,CRUSHER/MILLING
502,12-HX-723,SAG MILL 1 TRINION TANK HEATER ELEMENT 1,3.0,DOL,HEATER,CRUSHER/MILLING
503,12-HX-724,SAG MILL 1 TRINION TANK HEATER ELEMENT 2,3.0,DOL,HEATER,CRUSHER/MILLING
504,12-PP-713,SAG MILL 1 GEARBOX OIL LP PUMP 1,11.0,DOL,PUMP,CRUSHER/MILLING
505,12-FA-706,SAG MILL 1 COOLING FAN 1,7.5,DOL,FAN,CRUSHER/MILLING
506,12-FA-702,SAG MILL 1 COOLING FAN 2,9.0,DOL,FAN,CRUSHER/MILLING
508,12-SA-002B,FLASH FLOATATION CONCENTRATE SUMP,0.4,DOL,OTHER,CRUSHER/MILLING
509,13-XM-7,HYDROLIC PACK REGRIND LUBE PUMP,7.5,DOL,OTHER,BIOX
510,16-PP-084,FRONTER DRUM PUMP FLASH FLOATATION,1.1,DOL,PUMP,REAGENTS
511,12-HT-014,PRIMARY CYCLONE DAINT CRANE,3.0,DOL,OTHER,CRUSHER/MILLING
512,16-PP-124,IILR COPPER SULPHATE DOZIING PUMP ,1.5,VSD,PUMP,REAGENTS
513,16-PP-088,COLLECTOR DOZING PUMP,1.1,VSD,PUMP,REAGENTS
514,12-SC-511,ILR TRADINGS WASH SCREEN,3.0,DOL,SCREEN,CRUSHER/MILLING
515,06-SC-301,ILR TRADINGS WASH SCREEN,3.0,DOL,SCREEN,BACKFILL
516,12-EQ-019,EQUIPPED SPARE,30.0,DOL,EQUIPED SPARE,CRUSHER/MILLING
517,13-HE-001,REGRIND MILL MOTOR SPACE HEATER,0.3,DOL,OTHER,BIOX
518,17-CP-026,FLASH FLOATTATION AIR BLOWER 1,4.0,DOL,BLOWERS,TSF
519,12-EQ-017,EQUIPPED SPARE,15.0,DOL,EQUIPED SPARE,CRUSHER/MILLING
520,12-EQ-018,EQUIPPED SPARE,15.0,DOL,EQUIPED SPARE,CRUSHER/MILLING
522,12-EQ-20,EQUIPPED SPARE,55.0,DOL,EQUIPED SPARE,CRUSHER/MILLING
523,12-PP-357,ILR TAILS TRANSFER PUMP,15.0,DOL,PUMP,CRUSHER/MILLING
524,12-PP-513,ILR RECIRCULATION PUMP,15.0,DOL,PUMP,CRUSHER/MILLING
525,16-PP-093,PROMOTER DOZING PUMP 2 FLASH FLOATATION,1.5,DOL,PUMP,REAGENTS
526,16-PP-096,FRONTHER DOZING PUMP 2 FLASH FLOATATION,1.5,DOL,PUMP,REAGENTS
527,17-CP-027,FLASH FLOATATION AIR BLOWER 2,4.0,DOL,BLOWERS,TSF
528,12-EQ-015,EQUIPPED SPARE,5.5,DOL,EQUIPED SPARE,CRUSHER/MILLING
529,12-XM-050,SAG MILL 1 BALL LOADER,0.3,DOL,OTHER,CRUSHER/MILLING
530,11-FE-005,VIBRATING FEEDER N.5,5.0,VSD,FEEDER,CRUSHER/MILLING
531,11-FE-003,VIBRATING FEEDER N.3,5.0,VSD,FEEDER,CRUSHER/MILLING
532,12-FT-002,FLASH CELL 1,7.5,DOL,OTHER,CRUSHER/MILLING
533,12-GC-002,KNELSON CONCENTRATOR ,75.0,DOL,OTHER,CRUSHER/MILLING
534,12-ML-001A,SAG MILL INCHING DRIVE,45.0,DOL,MILL,CRUSHER/MILLING
535,16-HT-012,COLLECTOR MIXING HOIST,3.0,DOL,OTHER,REAGENTS
536,16-AG-053,COLLECTOR MIXING TANK AGITATOR,3.0,DOL,AGITATOR,REAGENTS
537,16-PP-89,COLLECTOR DOZING PUMP 2,1.5,VSD,PUMP,REAGENTS
538,12-SC-510,SCALPING SCREEN 1,9.0,DOL,SCREEN,CRUSHER/MILLING
539,12-PP-710,SQAG MILL 7 CONDUCTING LP PUMP 2,2.2,DOL,PUMP,CRUSHER/MILLING
540,12-HX-817,BALL MILL 1 TRINION TANK ELEMENT 1,3.0,DOL,HEATER,CRUSHER/MILLING
541,12-HX-813,BALL MILL 1 TRINION TANK ELEMENT 2,3.0,DOL,HEATER,CRUSHER/MILLING
542,12-PP-813,BALL MILL 1 GEARBOX 04 LP PUMP 1,11.0,DOL,PUMP,CRUSHER/MILLING
543,11-FE-004,VIBRATING FEEDER,11.0,VSD,FEEDER,CRUSHER/MILLING
544,12-EQ-025,EQUIPPED SPARE,15.0,DOL,EQUIPED SPARE,CRUSHER/MILLING
545,13-XM-008,REGRIND MILL REDUCER LUBE SYSTEM FAN,7.5,DOL,OTHER,BIOX
546,13-FT-003,FLASH CELL 3,75.0,DOL,OTHER,BIOX
547,12-EQ-24,EQUIPPED SPARE,15.0,DOL,EQUIPED SPARE,CRUSHER/MILLING
548,12-FT-001,FLASH CELL 1,75.0,DOL,OTHER,CRUSHER/MILLING
549,12-ML-002A,BALL MILLO 1 INCHING DRIVE,45.0,DOL,MILL,CRUSHER/MILLING
551,13-GC-003,KNELSON CONCENTRATOR # 3,75.0,DOL,OTHER,BIOX
552,12-GC-001,KNELSON CONCENTRATOR # 1,75.0,DOL,OTHER,CRUSHER/MILLING
553,12-EQ-023,EQUIPPED SPARE,5.5,DOL,EQUIPED SPARE,CRUSHER/MILLING
554,12-EQ-026,EQUIPPED SPARE,30.0,DOL,EQUIPED SPARE,CRUSHER/MILLING
555,12-HE-002,REGRIND MILL REDUCER LUBE HEATER,23.0,DOL,OTHER,CRUSHER/MILLING
556,12-SA-002,FLASH FLOATATION CONCENTRATE SAMPLER,0.4,DOL,OTHER,CRUSHER/MILLING
557,12-PP-812,BALL MILL 1 FE BEARING LP OIL PUMP,1.1,DOL,PUMP,CRUSHER/MILLING
558,16-PP-116,COLLECTER MIXING TRANSFER PUMP,1.1,DOL,PUMP,REAGENTS
559,14-EQ-007,EQUIPPED SPARE,18.5,DOL,EQUIPED SPARE,BACKFILL
561,14-EQ-004,EQUIPPED SPARE,5.5,DOL,EQUIPED SPARE,BACKFILL
562,14-EQ-003,EQUIPPED SPARE,5.5,DOL,EQUIPED SPARE,BACKFILL
563,14-EQ-002,EQUIPPED SPARE,5.5,DOL,EQUIPED SPARE,BACKFILL
564,14-EQ-001,EQUIPPED SPARE,5.5,DOL,EQUIPED SPARE,BACKFILL
565,16-PP-81A,COUSTIC DOSING PUMP 1 ,3.0,VSD,PUMP,REAGENTS
566,16-PP-81B,COUSTIC DOSING PUMP 2 ,3.0,VSD,PUMP,REAGENTS
567,15-PP-010,CARBON TRANSFER PUMP 1,22.0,DOL,PUMP,ELUTION/GOLDROOM
568,15-PP-XXX,REGENERATION AREA SUMP PUMP,7.5,DOL,PUMP,ELUTION/GOLDROOM
569,20-PP-008,REFINERY AREA SUMP PUMP,7.5,DOL,PUMP,ELUTION/GOLDROOM
570,20-PP-004,ILR PREGNANT SOL PUMP NO. 2,5.5,VSD,PUMP,ELUTION/GOLDROOM
571,20-PP-003,ILR PREGNANT SOL PUMP NO. 1,5.5,VSD,PUMP,ELUTION/GOLDROOM
572,20-PP-002,PREGNANT ELUATE PUMP NO. 2,11.0,VSD,PUMP,ELUTION/GOLDROOM
573,20-PP-001,PREGNANT ELUATE PUMP NO. 1,11.0,VSD,PUMP,ELUTION/GOLDROOM
574,20-FAN-001,ELECTROWINNING CELLS AND DRYING OVERFAN,3.0,DOL,FAN,ELUTION/GOLDROOM
575,20-FL-001,GOLDROOM FILTER PRES,0.37,DOL,OTHER,ELUTION/GOLDROOM
576,15-SC-002,CARBON RECOVERY SCREEN 1,0.37,DOL,SCREEN,ELUTION/GOLDROOM
577,15-SC-003,CARBON RECOVERY SCREEN 2,0.37,DOL,SCREEN,ELUTION/GOLDROOM
578,23-AG-046,NEUT. TANK 46 AGITATOR,22.0,DOL,AGITATOR,BIOX
579,23-AG-045,NEUT. TANK 45 AGITATOR,22.0,DOL,AGITATOR,BIOX
580,23-AG-044,NEUT. TANK 44 AGITATOR,22.0,DOL,AGITATOR,BIOX
581,23-AG-043,NEUT. TANK 43 AGITATOR,22.0,DOL,AGITATOR,BIOX
582,23-AG-042,NEUT. TANK 42 AGITATOR,22.0,DOL,AGITATOR,BIOX
583,23-AG-041,NEUT. TANK 41 AGITATOR,22.0,DOL,AGITATOR,BIOX
584,16-AG-040,CAUSTIC MIXNG AGITATOR,18.5,DOL,AGITATOR,REAGENTS
585,15-PP-266A,HOT OIL PUMP 1,1.1,DOL,PUMP,ELUTION/GOLDROOM
586,15-PP-266B,HOT OIL PUMP 2,1.1,DOL,PUMP,ELUTION/GOLDROOM
587,14-PP-020A,NEUTRALIZATION TAILS PUMP,160.0,VSD,PUMP,BACKFILL
588,20-HT-002,REFINERY HOIST,30.0,DOL,OTHER,ELUTION/GOLDROOM
589,14-EQ-12,EQUIPPED SPARE,55.0,DOL,EQUIPED SPARE,BACKFILL
590,20-FA-03,REFINERY VENT FAN,7.5,DOL,FAN,ELUTION/GOLDROOM
591,20-PP-011,BARREN SOIL INTER TRANSFER PUMP,1.1,DOL,PUMP,ELUTION/GOLDROOM
592,20-PP-007,TANK FARM SPILLAGE TANK,11.0,DOL,PUMP,ELUTION/GOLDROOM
593,14-PP-02D,NEUTRALIZATION TAILS PUMP 2,160.0,VSD,PUMP,BACKFILL
594,15-FE-002,KILN SCREEW FEEDER NO.2,5.5,DOL,FEEDER,ELUTION/GOLDROOM
595,15-FE-001,KILN SCREEW FEEDER NO.1,5.5,DOL,FEEDER,ELUTION/GOLDROOM
596,15-FA-XXX,KILN 2 SCRUBBER FAN,7.5,DOL,FAN,ELUTION/GOLDROOM
597,15-FA-12,KILN 1 SCRUBBER FAN,7.5,DOL,FAN,ELUTION/GOLDROOM
598,16-AG-063,CAUSTIC MIXNG TANK AGITATOR,18.5,DOL,AGITATOR,REAGENTS
599,15-SC-004,BARREN CARBON DEW SCREEN 2,5.5,DOL,SCREEN,ELUTION/GOLDROOM
600,15-XM-002,KILN EXHAUST STACK ,1.0,DOL,OTHER,ELUTION/GOLDROOM
601,15-SC-001,BARREN CARBON DEW SCREEN,5.5,DOL,SCREEN,ELUTION/GOLDROOM
602,13-PP-021,FLOAT THICKNER TAILS PUMP 2,220.0,VSD,PUMP,BIOX
603,20-PP-012,BARREN SOIL INTER TRANSFER PUMP 2,15.0,VSD,PUMP,ELUTION/GOLDROOM
604,13-PP-022,FLOAT THICKNER TAILS PUMP 2,220.0,VSD,PUMP,BIOX
605,20-FA-002,FURNACE AND FLUX MIXING EXHAUST FAN,30.5,DOL,FAN,ELUTION/GOLDROOM
606,13-PP-003,PREGNANT ELUATE PUMP NO. 1,5.5,DOL,PUMP,BIOX
607,15-PP-075B,STRIP SOLUTIONS PUMP 2,22.0,VSD,PUMP,ELUTION/GOLDROOM
608,16-PP-042,CAUSTIC SPILLAGE PUMP,3.0,DOL,PUMP,REAGENTS
609,16-PP-074,CAUSTIC DOSING PUMP 5,3.0,DOL,PUMP,REAGENTS
610,15-PP-010,CARBON TRANSFER PUMP NO. 1,22.0,DOL,PUMP,ELUTION/GOLDROOM
611,15-PP-008,BARREN SOLUTION PUMP 2,5.5,DOL,PUMP,ELUTION/GOLDROOM
612,15-PP-007,BARREN SOLUTION PUMP 1,5.5,DOL,PUMP,ELUTION/GOLDROOM
613,15-PP-004,ILR PREGNANT SOLUTION PUMP,3.0,DOL,PUMP,ELUTION/GOLDROOM
614,15-PP-015,REGENERATION AREA SUMP PUMP,7.5,DOL,PUMP,ELUTION/GOLDROOM
615,19-PP-019,CIL ACID AREA SUMP PUMP 2,5.5,DOL,PUMP,CIL
616,15-PP-012,DESCRIPTION AREA SUMP PUMP,7.5,DOL,PUMP,ELUTION/GOLDROOM
617,16-PP-073,CAUSTIC DOZING PUMP 4,3.0,DOL,PUMP,REAGENTS
618,23-PP-021A,NEUTRALIZATION TAILS PUMP 2,315.0,VSD,PUMP,BIOX
619,20-PP-601,BARREN TANK AREA SPILLAGE PUMP,7.5,DOL,PUMP,ELUTION/GOLDROOM
